"partido","nome_basometro","uf","governismo_orig","governismo","votos_contra","votos_pró","abstenções","votacoes","nome_impeachment","posicao","existe"
"PP","FRANKLIN LIMA","MG","undefined","#VALUE!",0,0,0,0,"Franklin Lima","nao votou","FALSE"
"PDT","ARIOSTO HOLANDA","CE","1.00",100,0,65,0,65,"Ariosto Holanda","contra","TRUE"
"PT","PEPE VARGAS","RS","1.00",100,0,65,0,65,"Pepe Vargas","contra","TRUE"
"PDT","FLAVIO NOGUEIRA","PI","1.00",100,0,62,0,62,"#N/A","#N/A","FALSE"
"PMDB","ZE AUGUSTO NALIN","RJ","1.00",100,0,57,0,57,"#N/A","#N/A","FALSE"
"PSD","JOSE AUGUSTO CURVO","MT","1.00",100,0,20,0,20,"Tampinha (José Curvo)","a favor","TRUE"
"PT","REJANE DIAS",,"1.00",100,0,19,0,19,"Rejane Dias","contra","TRUE"
"PT","NILMARIO MIRANDA","MG","1.00",100,0,6,0,6,"#N/A","#N/A","FALSE"
"PDT","JULIAO AMIN CASTRO",,"1.00",100,0,4,0,4,"#N/A","#N/A","FALSE"
"PSD","THIAGO PEIXOTO","GO","1.00",100,0,4,0,4,"Thiago Peixoto","a favor","TRUE"
"PMDB","MARCIO BIOLCHI",,"1.00",100,0,2,0,2,"#N/A","#N/A","FALSE"
"PT","JOSIAS GOMES","BA","1.00",100,0,1,0,1,"#N/A","#N/A","FALSE"
"PT","MIGUEL CORREA","MG","1.00",100,0,1,0,1,"Miguel Correa","#N/A","TRUE"
"PSD","NELSON NAHIM","RJ","1.00",100,0,1,0,1,"#N/A","#N/A","FALSE"
"PT","NELSON PELLEGRINO","BA","1.00",100,0,1,0,1,"#N/A","#N/A","FALSE"
"PT","SAGUAS MORAES","MT","0.99",99,2,207,0,209,"Ságuas Moraes","contra","TRUE"
"PT","JOSE GUIMARAES","CE","0.99",99,2,200,0,202,"José Guimarães","contra","TRUE"
"PT","BENEDITA DA SILVA","RJ","0.99",99,3,197,0,200,"Benedita da Silva","contra","TRUE"
"PT","BETO FARO","PA","0.98",98,4,233,0,237,"Beto Faro","contra","TRUE"
"PT","ENIO VERRI","PR","0.98",98,4,230,0,234,"Enio Verri","contra","TRUE"
"PT","GABRIEL GUIMARAES","MG","0.98",98,3,167,0,170,"Gabriel Guimarães","nao votou","TRUE"
"PT","ZECA DIRCEU","PR","0.98",98,3,167,0,170,"Zeca Dirceu","contra","TRUE"
"PT","SIBA MACHADO","AC","0.98",98,3,165,0,168,"Sibá Machado","contra","TRUE"
"PT","LEO DE BRITO","AC","0.98",98,4,210,0,214,"Leo de Brito","contra","TRUE"
"PT","GIVALDO VIEIRA","ES","0.98",98,4,201,0,205,"Givaldo Vieira","contra","TRUE"
"PCdoB","ANGELA ALBINO","SC","0.98",98,1,50,0,51,"#N/A","#N/A","FALSE"
"PT","VICENTE CANDIDO","SP","0.98",98,3,145,0,148,"Vicente Candido","contra","TRUE"
"PT","VALMIR PRASCIDELLI","SP","0.98",98,4,188,0,192,"Valmir Prascidelli","contra","TRUE"
"PT","ASSIS CARVALHO","PI","0.98",98,4,182,0,186,"Assis Carvalho","contra","TRUE"
"PT","ZECA DO PT","MS","0.98",98,4,179,0,183,"Zeca do PT","contra","TRUE"
"PT","RUBENS OTONI","GO","0.97",97,4,153,0,157,"Rubens Otoni","contra","TRUE"
"PT","ANDRES SANCHEZ","SP","0.97",97,5,224,1,230,"Andres Sanchez","contra","TRUE"
"PT","FABIANO HORTA",,"0.97",97,2,69,0,71,"#N/A","#N/A","FALSE"
"PT","LUIZ SERGIO","RJ","0.97",97,3,169,2,174,"Luiz Sérgio","contra","TRUE"
"PT","ARLINDO CHINAGLIA","SP","0.97",97,6,198,0,204,"Arlindo Chinaglia","contra","TRUE"
"PMDB","EDINHO ARAUJO","SP","0.97",97,2,65,0,67,"Edinho Araújo","a favor","TRUE"
"PT","JOSE AIRTON CIRILO","CE","0.97",97,6,194,0,200,"José Airton Cirilo","contra","TRUE"
"PSD","PAULO MAGALHAES","BA","0.97",97,5,190,1,196,"Paulo Magalhães","nao votou","TRUE"
"PROS","ODORICO MONTEIRO","CE","0.97",97,4,186,2,192,"Odorico Monteiro","contra","TRUE"
"PT","AFONSO FLORENCE","BA","0.97",97,7,208,0,215,"Afonso Florence","nao votou","TRUE"
"PT","NILTO TATTO","SP","0.97",97,6,221,2,229,"Nilto Tatto","contra","TRUE"
"PT","JOSE MENTOR","SP","0.97",97,4,193,3,200,"José Mentor","contra","TRUE"
"PT","DECIO LIMA","SC","0.96",96,6,159,0,165,"Décio Lima","contra","TRUE"
"PT","CHICO D'ANGELO","RJ","0.96",96,8,208,0,216,"Chico D'angelo","contra","TRUE"
"PT","BOHN GASS","RS","0.96",96,7,206,1,214,"Bohn Gass","contra","TRUE"
"PT","CARLOS ZARATTINI","SP","0.96",96,8,206,0,214,"Carlos Zarattini","contra","TRUE"
"PT","FERNANDO MARRONI","RS","0.96",96,6,154,0,160,"#N/A","#N/A","FALSE"
"PT","VICENTINHO","SP","0.96",96,9,220,0,229,"Vicentinho","contra","TRUE"
"PT","HELDER SALOMAO","ES","0.96",96,8,215,1,224,"Helder Salomão","contra","TRUE"
"SDD","JOSE MAIA FILHO","PI","0.96",96,2,47,0,49,"#N/A","#N/A","FALSE"
"PT","REGINALDO LOPES","MG","0.96",96,7,163,0,170,"Reginaldo Lopes","nao votou","TRUE"
"PT","MARCO MAIA","RS","0.96",96,8,177,0,185,"Marco Maia","contra","TRUE"
"PT","VALMIR ASSUNCAO","BA","0.96",96,10,219,0,229,"Valmir Assunção","nao votou","TRUE"
"PT","ZE GERALDO","PA","0.96",96,7,174,1,182,"Zé Geraldo","contra","TRUE"
"PMDB","WILSON BESERRA","RJ","0.95",95,1,21,0,22,"#N/A","#N/A","FALSE"
"PT","MARIA DO ROSARIO","RS","0.95",95,7,167,1,175,"Maria do Rosário","contra","TRUE"
"PT","HENRIQUE FONTANA","RS","0.95",95,10,208,0,218,"Henrique Fontana","contra","TRUE"
"PT","CAETANO","BA","0.95",95,9,186,0,195,"Caetano","nao votou","TRUE"
"PT","JOAO DANIEL","SE","0.95",95,11,216,0,227,"João Daniel","nao votou","TRUE"
"PT","LEONARDO MONTEIRO","MG","0.95",95,9,173,0,182,"Leonardo Monteiro","nao votou","TRUE"
"PT","MOEMA GRAMACHO","BA","0.95",95,10,210,2,222,"Moema Gramacho","nao votou","TRUE"
"PT","ANGELIM","AC","0.94",94,11,219,2,232,"Angelim","contra","TRUE"
"PT","PAULO TEIXEIRA","SP","0.94",94,9,194,3,206,"Paulo Teixeira","contra","TRUE"
"PT","PAULAO","AL","0.94",94,11,193,1,205,"Paulão","nao votou","TRUE"
"PP","AGUINALDO RIBEIRO","PB","0.94",94,11,172,0,183,"Aguinaldo Ribeiro","nao votou","TRUE"
"PSB","HUGO LEAL","RJ","0.94",94,11,171,0,182,"Hugo Leal","a favor","TRUE"
"PT","MERLONG SOLANO",,"0.94",94,1,31,1,33,"#N/A","#N/A","FALSE"
"PT","ADELMO CARNEIRO LEAO","MG","0.94",94,13,216,1,230,"Adelmo Carneiro Leão","contra","TRUE"
"PT","MARGARIDA SALOMAO","MG","0.94",94,11,183,1,195,"Margarida Salomão","nao votou","TRUE"
"PT","LUIZ COUTO","PB","0.94",94,15,223,0,238,"Luiz Couto","nao votou","TRUE"
"PP","MACEDO","CE","0.94",94,10,147,0,157,"Macedo","contra","TRUE"
"PTdoB","SILVIO COSTA","PE","0.93",93,12,171,0,183,"Silvio Costa","nao votou","TRUE"
"PT","PADRE JOAO","MG","0.93",93,11,188,3,202,"Padre João","nao votou","TRUE"
"PT","MARCON","RS","0.93",93,10,186,4,200,"Marcon","contra","TRUE"
"PT","ANA PERUGINI","SP","0.93",93,12,172,1,185,"Ana Perugini","contra","TRUE"
"PDT","ASSIS DO COUTO","PR","0.93",93,10,193,5,208,"Assis do Couto","contra","TRUE"
"PT","PAULO PIMENTA","RS","0.93",93,11,154,1,166,"Paulo Pimenta","contra","TRUE"
"PHS","GIVALDO CARIMBAO","AL","0.93",93,12,153,0,165,"Givaldo Carimbão","nao votou","TRUE"
"PDT","ROSANGELA CURADO","MA","0.92",92,4,49,0,53,"#N/A","#N/A","FALSE"
"PMDB","VALTENIR PEREIRA","MT","0.92",92,13,179,2,194,"Valtenir Pereira","contra","TRUE"
"PT","JORGE SOLLA","BA","0.92",92,11,164,3,178,"Jorge Solla","nao votou","TRUE"
"PROS","TONINHO WANDSCHEER","PR","0.92",92,16,186,1,203,"Toninho Wandscheer","a favor","TRUE"
"PT","WADIH DAMOUS","RJ","0.92",92,12,131,0,143,"Wadih Damous","contra","TRUE"
"PR","JOSE ROCHA","BA","0.91",91,17,172,0,189,"José Rocha","nao votou","TRUE"
"PP","RICARDO BARROS","PR","0.91",91,13,141,1,155,"Ricardo Barros","a favor","TRUE"
"PP","NELSON MEURER","PR","0.91",91,19,190,0,209,"Nelson Meurer","a favor","TRUE"
"PP","MAINHA","PI","0.91",91,9,88,0,97,"#N/A","#N/A","FALSE"
"PDT","LEONIDAS CRISTINO","CE","0.91",91,21,205,0,226,"Leônidas Cristino","contra","TRUE"
"PRB","JONY MARCOS","SE","0.91",91,17,163,0,180,"Jony Marcos","nao votou","TRUE"
"PSD","DOMINGOS NETO","CE","0.90",90,14,139,1,154,"Domingos Neto","contra","TRUE"
"PCdoB","ORLANDO SILVA","SP","0.90",90,21,194,0,215,"Orlando Silva","contra","TRUE"
"PTN","BACELAR","BA","0.90",90,22,201,0,223,"Bacelar","nao votou","TRUE"
"PMDB","MARCO ANTONIO CABRAL",,"0.90",90,1,9,0,10,"Marco Antonio Cabral","a favor","TRUE"
"PSD","FERNANDO TORRES","BA","0.90",90,16,141,0,157,"Fernando Torres","nao votou","TRUE"
"PCdoB","LUCIANA SANTOS","PE","0.90",90,17,149,0,166,"Luciana Santos","nao votou","TRUE"
"PR","JOAO CARLOS BACELAR","BA","0.90",90,11,96,0,107,"João Carlos Bacelar","nao votou","TRUE"
"PDT","VICENTE ARRUDA","CE","0.90",90,8,87,2,97,"Vicente Arruda","contra","TRUE"
"PR","ALFREDO NASCIMENTO","AM","0.89",89,19,159,0,178,"Alfredo Nascimento","a favor","TRUE"
"PP","PAULO HENRIQUE LUSTOSA","CE","0.89",89,3,25,0,28,"Paulo Henrique Lustosa","#N/A","TRUE"
"PCdoB","JO MORAES","MG","0.89",89,23,188,0,211,"Jô Moraes","nao votou","TRUE"
"PTN","ALUISIO MENDES","MA","0.89",89,20,162,0,182,"Aluisio Mendes","contra","TRUE"
"PT","PEDRO UCZAI","SC","0.89",89,13,161,7,181,"Pedro Uczai","contra","TRUE"
"PT","ERIKA KOKAY","DF","0.89",89,19,193,5,217,"Erika Kokay","contra","TRUE"
"PT","VANDER LOUBET","MS","0.89",89,16,152,3,171,"Vander Loubet","contra","TRUE"
"PMDB","PEDRO PAULO","RJ","0.89",89,1,8,0,9,"Pedro Paulo","a favor","TRUE"
"PCdoB","PROFESSORA MARCIVANIA","AP","0.89",89,13,175,9,197,"Professora Marcivania","contra","TRUE"
"PRB","CLEBER VERDE","MA","0.89",89,19,150,0,169,"Cleber Verde","a favor","TRUE"
"PTB","ZECA CAVALCANTI","PE","0.89",89,26,202,0,228,"Zeca Cavalcanti","nao votou","TRUE"
"PR","LUCIO VALE","PA","0.89",89,24,186,0,210,"Lúcio Vale","contra","TRUE"
"PT","WALDENOR PEREIRA","BA","0.89",89,21,162,0,183,"Waldenor Pereira","nao votou","TRUE"
"PCdoB","DANIEL ALMEIDA","BA","0.88",88,24,184,0,208,"Daniel Almeida","nao votou","TRUE"
"PCdoB","CARLOS EDUARDO CADOCA","PE","0.88",88,25,199,1,225,"#N/A","#N/A","FALSE"
"PCdoB","ALICE PORTUGAL","BA","0.88",88,25,189,0,214,"Alice Portugal","nao votou","TRUE"
"PCdoB","WADSON RIBEIRO","MG","0.88",88,25,187,0,212,"#N/A","#N/A","FALSE"
"PMDB","ELCIONE BARBALHO","PA","0.88",88,15,118,1,134,"Elcione Barbalho","contra","TRUE"
"PT","ZE CARLOS","MA","0.88",88,24,175,0,199,"Zé Carlos","contra","TRUE"
"PMDB","WASHINGTON REIS","RJ","0.88",88,21,153,0,174,"Washington Reis","a favor","TRUE"
"PR","MARCIO ALVINO","SP","0.88",88,25,181,0,206,"Marcio Alvino","a favor","TRUE"
"PR","MAURICIO QUINTELLA LESSA","AL","0.88",88,17,123,0,140,"Maurício Quintella","nao votou","TRUE"
"PP","ANDRE ABDON","AP","0.88",88,26,188,0,214,"André Abdon","a favor","TRUE"
"PR","MILTON MONTI","SP","0.88",88,23,168,1,192,"Milton Monti","a favor","TRUE"
"PRB","ANTONIO BULHOES","SP","0.87",87,26,181,0,207,"Antonio Bulhões","a favor","TRUE"
"PCdoB","CHICO LOPES","CE","0.87",87,27,187,0,214,"Chico Lopes","contra","TRUE"
"PMDB","JOÃO MARCELO SOUZA","MA","0.87",87,25,192,3,220,"João Marcelo Souza","contra","TRUE"
"PP","BETO SALAME","PA","0.87",87,20,148,2,170,"Beto Salame","abstencao","TRUE"
"PMDB","CARLOS BEZERRA","MT","0.87",87,18,134,2,154,"Carlos Bezerra","a favor","TRUE"
"PCdoB","DAVIDSON MAGALHAES","BA","0.87",87,28,187,0,215,"Davidson Magalhães","nao votou","TRUE"
"PR","MIGUEL LOMBARDI","SP","0.87",87,31,204,0,235,"Miguel Lombardi","a favor","TRUE"
"PRB","ROBERTO ALVES","SP","0.87",87,27,175,0,202,"Roberto Alves","a favor","TRUE"
"PMDB","JOSE PRIANTE","PA","0.87",87,19,123,0,142,"José Priante","a favor","TRUE"
"PR","AELTON FREITAS","MG","0.87",87,27,181,1,209,"Aelton Freitas","nao votou","TRUE"
"PP","WALDIR MARANHAO","MA","0.86",86,10,64,0,74,"Waldir Maranhão","contra","TRUE"
"PRB","CELSO RUSSOMANNO","SP","0.86",86,19,121,0,140,"Celso Russomanno","a favor","TRUE"
"PMDB","ANIBAL GOMES","CE","0.86",86,14,89,0,103,"Aníbal Gomes","ausencia","TRUE"
"PMDB","LEONARDO PICCIANI","RJ","0.86",86,23,146,0,169,"Leonardo Picciani","contra","TRUE"
"PCdoB","JANDIRA FEGHALI","RJ","0.86",86,25,158,0,183,"Jandira Feghali","contra","TRUE"
"PTN","JOZI ARAUJO","AP","0.86",86,4,25,0,29,"Jozi Araújo","contra","TRUE"
"PCdoB","RUBENS PEREIRA JUNIOR","MA","0.86",86,30,185,0,215,"Rubens Pereira Jr","contra","TRUE"
"PMDB","LAURA CARNEIRO","RJ","0.86",86,5,43,2,50,"#N/A","#N/A","FALSE"
"PTN","RICARDO TEOBALDO","PE","0.85",85,24,141,0,165,"Ricardo Teobaldo","nao votou","TRUE"
"PMDB","SIMONE MORGADO","PA","0.85",85,25,146,0,171,"Simone Morgado","contra","TRUE"
"PTN","RENATA ABREU","SP","0.85",85,26,163,2,191,"Renata Abreu","a favor","TRUE"
"PMDB","CELSO JACOB","RJ","0.85",85,32,186,0,218,"#N/A","#N/A","FALSE"
"PR","ZENAIDE MAIA","RN","0.85",85,27,168,2,197,"Zenaide Maia","contra","TRUE"
"PTB","LUIZ CARLOS BUSATO","RS","0.85",85,26,150,0,176,"Luiz Carlos Busato","a favor","TRUE"
"PR","VICENTINHO JUNIOR","TO","0.85",85,25,142,0,167,"Vicentinho Júnior","contra","TRUE"
"PRB","MARCIO MARINHO","BA","0.85",85,29,175,2,206,"Márcio Marinho","nao votou","TRUE"
"PR","LUIZ CLAUDIO","RO","0.85",85,28,179,4,211,"Luiz Cláudio","a favor","TRUE"
"PR","ANDERSON FERREIRA","PE","0.85",85,27,151,0,178,"Anderson Ferreira","nao votou","TRUE"
"PR","WELLINGTON ROBERTO","PB","0.85",85,23,127,0,150,"Wellington Roberto","nao votou","TRUE"
"PMDB","SARAIVA FELIPE","MG","0.85",85,32,176,0,208,"Saraiva Felipe","nao votou","TRUE"
"PR","MAGDA MOFATTO","GO","0.85",85,22,120,0,142,"Magda Mofatto","a favor","TRUE"
"PTB","ARNON BEZERRA","CE","0.84",84,26,147,1,174,"Arnon Bezerra","contra","TRUE"
"PRB","SERGIO REIS","SP","0.84",84,20,124,3,147,"Sérgio Reis","a favor","TRUE"
"PP","PASTOR FRANKLIN","MG","0.84",84,31,167,0,198,"Patrus Anania","#N/A","TRUE"
"PMDB","ALTINEU CORTES","RJ","0.84",84,24,129,0,153,"Altineu Côrtes","a favor","TRUE"
"PTdoB","LUIS TIBE","MG","0.84",84,23,120,0,143,"Luis Tibé","nao votou","TRUE"
"PMDB","RODRIGO PACHECO","MG","0.84",84,28,146,0,174,"Rodrigo Pacheco","nao votou","TRUE"
"PHS","DR. JORGE SILVA","ES","0.84",84,37,192,0,229,"Dr. Jorge Silva","a favor","TRUE"
"PMDB","ALBERTO FILHO","MA","0.84",84,23,118,0,141,"Alberto Filho","a favor","TRUE"
"PTB","PEDRO FERNANDES","MA","0.84",84,36,184,0,220,"Pedro Fernandes","contra","TRUE"
"PHS","DIEGO GARCIA","PR","0.84",84,34,173,0,207,"Diego Garcia","a favor","TRUE"
"PMDB","LUCIO MOSQUINI","RO","0.83",83,32,161,0,193,"Lucio Mosquini","a favor","TRUE"
"PP","LAZARO BOTELHO","TO","0.83",83,36,180,0,216,"Lázaro Botelho","a favor","TRUE"
"PP","SIMAO SESSIM","RJ","0.83",83,22,110,0,132,"Simão Sessim","a favor","TRUE"
"PMDB","JOSI NUNES","TO","0.83",83,32,167,2,201,"Josi Nunes","a favor","TRUE"
"PSD","HERCULANO PASSOS","SP","0.83",83,35,171,0,206,"Herculano Passos","a favor","TRUE"
"PRB","ROBERTO SALES","RJ","0.83",83,31,150,0,181,"Roberto Sales","a favor","TRUE"
"PMDB","HUGO MOTTA","PB","0.83",83,22,105,0,127,"Hugo Motta","nao votou","TRUE"
"PR","EDIO LOPES","RR","0.83",83,33,157,0,190,"Edio Lopes","contra","TRUE"
"PP","MÁRIO NEGROMONTE JR.","BA","0.83",83,37,175,0,212,"Mário Negromonte Jr","nao votou","TRUE"
"PRB","MARCELO SQUASSONI","SP","0.83",83,35,165,0,200,"Marcelo Squassoni","a favor","TRUE"
"PRB","LINDOMAR GARCON","RO","0.82",82,29,141,1,171,"Lindomar Garçon","a favor","TRUE"
"PR","BILAC PINTO","MG","0.82",82,33,154,0,187,"Bilac Pinto","nao votou","TRUE"
"PMDB","SILAS BRASILEIRO","MG","0.82",82,25,125,2,152,"#N/A","#N/A","FALSE"
"PMDB","PEDRO CHAVES","GO","0.82",82,40,188,1,229,"Pedro Chaves","a favor","TRUE"
"PMDB","DANIEL VILELA","GO","0.82",82,33,151,0,184,"Daniel Vilela","a favor","TRUE"
"PR","LUIZ NISHIMORI","PR","0.82",82,36,164,0,200,"Luiz Nishimori","a favor","TRUE"
"PR","BRUNNY","MG","0.82",82,29,130,0,159,"Brunny","nao votou","TRUE"
"PMDB","WALTER ALVES","RN","0.82",82,41,183,0,224,"Walter Alves","a favor","TRUE"
"PMDB","CELSO MALDANER","SC","0.82",82,40,178,0,218,"Celso Maldaner","a favor","TRUE"
"PSB","RAFAEL MOTTA","RN","0.82",82,26,119,1,146,"Rafael Motta","a favor","TRUE"
"PSD","JOSE NUNES","BA","0.82",82,37,163,0,200,"José Nunes","nao votou","TRUE"
"PT","LUIZIANNE LINS","CE","0.81",81,10,132,20,162,"Luizianne Lins","contra","TRUE"
"PP","HIRAN GONCALVES","RR","0.81",81,32,153,3,188,"Hiran Gonçalves","a favor","TRUE"
"PR","ALEXANDRE VALLE","RJ","0.81",81,38,166,0,204,"Alexandre Valle","a favor","TRUE"
"PMDB","RONALDO BENEDET","SC","0.81",81,41,179,0,220,"Ronaldo Benedet","a favor","TRUE"
"PMDB","MARQUINHO MENDES","RJ","0.81",81,36,157,0,193,"#N/A","#N/A","FALSE"
"PTB","WILSON FILHO","PB","0.81",81,35,157,1,193,"Wilson Filho","nao votou","TRUE"
"PP","ROBERTO BRITTO","BA","0.81",81,39,170,0,209,"Roberto Britto","nao votou","TRUE"
"PP","FERNANDO MONTEIRO","PE","0.81",81,34,148,0,182,"Fernando Monteiro","#N/A","TRUE"
"PSD","ROGERIO ROSSO","DF","0.81",81,31,146,3,180,"Rogério Rosso","a favor","TRUE"
"PDT","AFONSO MOTTA","RS","0.81",81,42,180,0,222,"Afonso Motta","contra","TRUE"
"PDT","DAGOBERTO","MS","0.81",81,35,150,0,185,"Dagoberto","contra","TRUE"
"PSD","SERGIO BRITO","BA","0.81",81,31,132,0,163,"Sérgio Brito","nao votou","TRUE"
"PTB","JORGE CORTE REAL","PE","0.81",81,37,156,0,193,"Jorge Côrte Real","nao votou","TRUE"
"PRB","ROSANGELA GOMES","RJ","0.81",81,36,156,1,193,"Rosangela Gomes","a favor","TRUE"
"PR","DELEGADO EDSON MOREIRA","MG","0.81",81,45,189,0,234,"Delegado Edson Moreira","nao votou","TRUE"
"PMDB","MAURO LOPES","MG","0.81",81,31,130,0,161,"Mauro Lopes","nao votou","TRUE"
"PRB","VINICIUS CARVALHO","SP","0.81",81,39,163,0,202,"Vinicius Carvalho","a favor","TRUE"
"PMDB","MARCELO CASTRO","PI","0.81",81,26,117,2,145,"Marcelo Castro","contra","TRUE"
"PSD","FABIO FARIA","RN","0.81",81,28,121,1,150,"Fábio Faria","a favor","TRUE"
"PMDB","NEWTON CARDOSO JR","MG","0.80",80,37,165,3,205,"Newton Cardoso Jr","nao votou","TRUE"
"PRB","BETO MANSUR","SP","0.80",80,25,103,0,128,"Beto Mansur","a favor","TRUE"
"PTN","CARLOS HENRIQUE GAGUIM","TO","0.80",80,45,189,1,235,"Carlos Gaguim","a favor","TRUE"
"PR","TIRIRICA","SP","0.80",80,47,193,0,240,"Tiririca","a favor","TRUE"
"PMDB","SERGIO SOUZA","PR","0.80",80,39,160,0,199,"Sergio Souza","a favor","TRUE"
"PR","GORETE PEREIRA","CE","0.80",80,31,126,0,157,"Gorete Pereira","abstencao","TRUE"
"PSD","SERGIO ZVEITER","RJ","0.80",80,17,69,0,86,"Sergio Zveiter","a favor","TRUE"
"PRB","TIA ERON","BA","0.80",80,25,125,6,156,"Tia Eron","nao votou","TRUE"
"PP","PAULO MALUF","SP","0.80",80,18,72,0,90,"Paulo Maluf","a favor","TRUE"
"PMDB","ATILA A. NUNES","RJ","0.80",80,2,8,0,10,"#N/A","#N/A","FALSE"
"PP","CACA LEAO","BA","0.80",80,40,159,0,199,"Cacá Leão","nao votou","TRUE"
"PSD","DIEGO ANDRADE","MG","0.80",80,33,131,0,164,"Diego Andrade","nao votou","TRUE"
"PTB","ADALBERTO CAVALCANTI","PE","0.80",80,22,87,0,109,"Adalberto Cavalcanti","nao votou","TRUE"
"PSD","JULIO CESAR","PI","0.80",80,35,161,6,202,"Júlio Cesar","a favor","TRUE"
"PSD","ROMULO GOUVEIA","PB","0.80",80,38,153,1,192,"Rômulo Gouveia","nao votou","TRUE"
"PMDB","JOAO ARRUDA","PR","0.80",80,37,149,1,187,"João Arruda","a favor","TRUE"
"PTB","PAES LANDIM","PI","0.79",79,29,135,6,170,"Paes Landim","contra","TRUE"
"PR","JOSE CARLOS ARAUJO","BA","0.79",79,36,138,0,174,"José Carlos Araújo","nao votou","TRUE"
"PMDB","CABUCU BORGES","AP","0.79",79,41,157,0,198,"Cabuçu Borges","a favor","TRUE"
"PP","IRACEMA PORTELLA","PI","0.79",79,22,88,1,111,"Iracema Portella","a favor","TRUE"
"PR","LAERTE BESSA","DF","0.79",79,32,128,2,162,"Laerte Bessa","a favor","TRUE"
"PROS","ANTONIO BALHMANN","CE","0.79",79,16,60,0,76,"#N/A","#N/A","FALSE"
"PRB","SILAS CAMARA","AM","0.79",79,43,161,0,204,"Silas Câmara","a favor","TRUE"
"PMDB","DULCE MIRANDA","TO","0.79",79,42,157,0,199,"Dulce Miranda","a favor","TRUE"
"PP","RICARDO IZAR","SP","0.79",79,37,138,0,175,"Ricardo Izar","a favor","TRUE"
"PMDB","MAURO MARIANI","SC","0.79",79,40,148,0,188,"Mauro Mariani","a favor","TRUE"
"PMDB","FABIO RAMALHO","MG","0.79",79,41,150,0,191,"Fábio Ramalho","nao votou","TRUE"
"PRB","CESAR HALUM","TO","0.78",78,34,123,0,157,"César Halum","a favor","TRUE"
"PRB","JHONATAN DE JESUS","RR","0.78",78,38,141,1,180,"Jhonatan de Jesus","a favor","TRUE"
"PR","CAPITAO AUGUSTO","SP","0.78",78,50,184,1,235,"Capitão Augusto","a favor","TRUE"
"PDT","ANDRE FIGUEIREDO","CE","0.78",78,25,93,1,119,"#N/A","#N/A","FALSE"
"PHS","ADAIL CARNEIRO","CE","0.78",78,39,143,1,183,"Adail Carneiro","a favor","TRUE"
"PDT","DAMIAO FELICIANO","PB","0.78",78,38,135,0,173,"Damião Feliciano","nao votou","TRUE"
"PTN","LUIZ CARLOS RAMOS","RJ","0.78",78,50,177,0,227,"Luiz Carlos Ramos","a favor","TRUE"
"PTB","ALEX CANZIANI","PR","0.78",78,25,92,1,118,"Alex Canziani","a favor","TRUE"
"PMDB","MANOEL JUNIOR","PB","0.78",78,32,113,0,145,"Manoel Junior","nao votou","TRUE"
"PR","VINICIUS GURGEL","AP","0.78",78,18,67,1,86,"Vinicius Gurgel","abstencao","TRUE"
"PSD","WALTER IHOSHI","SP","0.78",78,33,119,1,153,"#N/A","#N/A","FALSE"
"PTB","JOVAIR ARANTES","GO","0.78",78,34,122,1,157,"Jovair Arantes","a favor","TRUE"
"PSD","ATILA LINS","AM","0.78",78,40,138,0,178,"Átila Lins","a favor","TRUE"
"PMDB","CARLOS MARUN","MS","0.77",77,42,144,0,186,"Carlos Marun","a favor","TRUE"
"PMDB","FLAVIANO MELO","AC","0.77",77,36,123,0,159,"Flaviano Melo","a favor","TRUE"
"PMDB","LEONARDO QUINTAO","MG","0.77",77,43,146,0,189,"Leonardo Quintão","nao votou","TRUE"
"PMDB","EDINHO BEZ","SC","0.77",77,42,158,5,205,"#N/A","#N/A","FALSE"
"PMDB","FABIO REIS","SE","0.77",77,43,144,0,187,"Fabio Reis","nao votou","TRUE"
"PP","FAUSTO PINATO","SP","0.77",77,42,144,1,187,"Fausto Pinato","a favor","TRUE"
"PDT","POMPEO DE MATTOS","RS","0.77",77,42,139,0,181,"Pompeo de Mattos","abstencao","TRUE"
"REDE","ALESSANDRO MOLON","RJ","0.76",76,52,169,0,221,"Alessandro Molon","contra","TRUE"
"PP","SANDES JUNIOR","GO","0.76",76,42,143,2,187,"#N/A","#N/A","FALSE"
"PDT","GIOVANI CHERINI","RS","0.76",76,45,146,0,191,"Giovani Cherini","a favor","TRUE"
"PTB","NELSON MARQUEZELLI","SP","0.76",76,43,148,3,194,"Nelson Marquezelli","a favor","TRUE"
"PP","ARTHUR LIRA","AL","0.76",76,41,131,0,172,"Arthur Lira","nao votou","TRUE"
"PR","GIACOBO","PR","0.76",76,16,51,0,67,"Giacobo","a favor","TRUE"
"DEM","FRANCISCO FLORIANO","RJ","0.76",76,39,130,2,171,"Francisco Floriano","a favor","TRUE"
"PP","LUIZ FERNANDO FARIA","MG","0.76",76,44,139,0,183,"Luiz Fernando Faria","nao votou","TRUE"
"PRB","CARLOS GOMES","RS","0.76",76,47,164,5,216,"Carlos Gomes","a favor","TRUE"
"PP","TONINHO PINHEIRO","MG","0.76",76,51,164,1,216,"Toninho Pinheiro","nao votou","TRUE"
"PSD","EVANDRO ROGERIO ROMAN",,"0.76",76,13,41,0,54,"#N/A","#N/A","FALSE"
"PR","REMIDIO MONAI","RR","0.76",76,40,126,0,166,"Remídio Monai","a favor","TRUE"
"PP","ANDRE FUFUCA","MA","0.76",76,47,148,0,195,"André Fufuca","a favor","TRUE"
"PP","RONEY NEMER","DF","0.76",76,54,170,0,224,"Rôney Nemer","a favor","TRUE"
"PMDB","SORAYA SANTOS","RJ","0.76",76,46,144,0,190,"Soraya Santos","a favor","TRUE"
"PMDB","CELSO PANSERA","RJ","0.76",76,22,78,3,103,"Celso Pansera","contra","TRUE"
"PV","ULDURICO JUNIOR","BA","0.76",76,50,155,0,205,"Uldurico Junior","nao votou","TRUE"
"PP","GUILHERME MUSSI","SP","0.76",76,32,99,0,131,"Guilherme Mussi","a favor","TRUE"
"PMDB","MARCOS ROTTA","AM","0.76",76,52,173,4,229,"Marcos Rotta","a favor","TRUE"
"PHS","MARCELO MATOS","RJ","0.75",75,52,162,1,215,"Marcelo Matos","a favor","TRUE"
"PMDB","FERNANDO JORDAO","RJ","0.75",75,44,137,1,182,"Fernando Jordão","a favor","TRUE"
"PHS","MARCELO ARO","MG","0.75",75,46,140,0,186,"Marcelo Aro","nao votou","TRUE"
"PR","DR. JOAO","RJ","0.75",75,50,151,0,201,"Dr. João","a favor","TRUE"
"PV","SARNEY FILHO","MA","0.75",75,23,72,1,96,"Sarney Filho","a favor","TRUE"
"PV","ROBERTO DE LUCENA","SP","0.75",75,1,3,0,4,"Roberto de Lucena","a favor","TRUE"
"PTB","NILTON CAPIXABA","RO","0.75",75,52,155,0,207,"Nilton Capixaba","a favor","TRUE"
"PMDB","VENEZIANO VITAL DO REGO","PB","0.75",75,47,146,2,195,"Veneziano Vital do Rêgo","nao votou","TRUE"
"PMDB","ROGERIO PENINHA MENDONCA","SC","0.75",75,57,169,0,226,"Peninha","a favor","TRUE"
"PMDB","BALEIA ROSSI","SP","0.75",75,54,163,1,218,"Baleia Rossi","a favor","TRUE"
"PR","PAULO FEIJO","RJ","0.75",75,54,160,0,214,"Paulo Feijó","a favor","TRUE"
"PR","SILAS FREIRE","PI","0.75",75,45,160,9,214,"Silas Freire","#N/A","TRUE"
"PR","JORGINHO MELLO","SC","0.75",75,42,124,0,166,"Jorginho Mello","a favor","TRUE"
"PMDB","LELO COIMBRA","ES","0.75",75,49,144,0,193,"Lelo Coimbra","a favor","TRUE"
"PP","EDUARDO DA FONTE","PE","0.74",74,29,84,0,113,"Eduardo da Fonte","nao votou","TRUE"
"PSD","GOULART","SP","0.74",74,57,165,0,222,"Goulart","a favor","TRUE"
"PR","MARCELO ALVARO ANTONIO","MG","0.74",74,46,133,0,179,"Marcelo Álvaro Antônio","nao votou","TRUE"
"PDT","FLAVIA MORAIS","GO","0.74",74,42,121,0,163,"Flávia Morais","a favor","TRUE"
"PMDB","MARINHA RAUPP","RO","0.74",74,32,91,0,123,"Marinha Raupp","a favor","TRUE"
"PSD","FABIO MITIDIERI","SE","0.74",74,49,142,1,192,"Fábio Mitidieri","nao votou","TRUE"
"PEN","JUNIOR MARRECA","MA","0.74",74,41,116,0,157,"Junior Marreca","contra","TRUE"
"PMDB","JESSICA SALES","AC","0.73",73,44,122,0,166,"Jéssica Sales","a favor","TRUE"
"PMDB","OSMAR SERRAGLIO","PR","0.73",73,48,132,0,180,"Osmar Serraglio","a favor","TRUE"
"PP","DILCEU SPERAFICO","PR","0.73",73,60,164,0,224,"Dilceu Sperafico","a favor","TRUE"
"PSD","INDIO DA COSTA","RJ","0.73",73,37,101,0,138,"Indio da Costa","a favor","TRUE"
"PTB","JOZI ROCHA",,"0.73",73,25,68,0,93,"#N/A","#N/A","FALSE"
"PSD","IRAJA ABREU","TO","0.73",73,24,87,8,119,"Irajá Abreu","contra","TRUE"
"PMDB","MAURO PEREIRA","RS","0.73",73,60,162,0,222,"Mauro Pereira","a favor","TRUE"
"PSD","MARCOS MONTES","MG","0.72",72,56,150,1,207,"Marcos Montes","nao votou","TRUE"
"PDT","SUBTENENTE GONZAGA","MG","0.72",72,51,142,3,196,"Subtenente Gonzaga","nao votou","TRUE"
"PDT","SERGIO VIDIGAL","ES","0.72",72,58,152,0,210,"Sergio Vidigal","a favor","TRUE"
"PDT","WEVERTON ROCHA","MA","0.72",72,39,102,0,141,"Weverton Rocha","contra","TRUE"
"PHS","CARLOS ANDRADE","RR","0.72",72,51,133,0,184,"Carlos Andrade","a favor","TRUE"
"PDT","ROBERTO GOES","AP","0.72",72,43,111,0,154,"Roberto Góes","contra","TRUE"
"PSD","ANTONIO BRITO","BA","0.72",72,47,156,14,217,"Antonio Brito","nao votou","TRUE"
"PDT","WOLNEY QUEIROZ","PE","0.72",72,53,138,1,192,"Wolney Queiroz","nao votou","TRUE"
"PRB","ALAN RICK","AC","0.72",72,64,161,0,225,"Alan Rick","a favor","TRUE"
"PP","EZEQUIEL FONSECA","MT","0.71",71,52,130,0,182,"#N/A","#N/A","FALSE"
"SDD","LAUDIVIO CARVALHO","MG","0.71",71,65,161,0,226,"Laudivio Carvalho","nao votou","TRUE"
"PSD","EVANDRO ROMAN","PR","0.71",71,41,101,0,142,"Evandro Roman","a favor","TRUE"
"PSD","VICTOR MENDES","MA","0.71",71,61,150,0,211,"Victor Mendes","a favor","TRUE"
"PSDB","GERALDO RESENDE","MS","0.71",71,57,140,0,197,"Geraldo Resende","a favor","TRUE"
"PMDB","DARCISIO PERONDI","RS","0.71",71,57,141,1,199,"Darcísio Perondi","a favor","TRUE"
"PRB","LINCOLN PORTELA","MG","0.71",71,49,142,10,201,"Lincoln Portela","nao votou","TRUE"
"PTN","FRANCISCO CHAPADINHA","PA","0.71",71,55,139,3,197,"Francisco Chapadinha","a favor","TRUE"
"PP","RONALDO CARLETTO","BA","0.70",70,47,114,1,162,"Ronaldo Carletto","nao votou","TRUE"
"PMDB","KAIO MANICOBA","PE","0.70",70,51,120,0,171,"Kaio Maniçoba","nao votou","TRUE"
"PR","CHRISTIANE DE SOUZA YARED","PR","0.70",70,70,164,0,234,"Christiane Yared","a favor","TRUE"
"PSD","HEULER CRUVINEL","GO","0.69",69,55,125,0,180,"Heuler Cruvinel","a favor","TRUE"
"PSD","JOAQUIM PASSARINHO","PA","0.69",69,65,146,0,211,"Joaquim Passarinho","a favor","TRUE"
"PMDB","CICERO ALMEIDA","AL","0.69",69,66,148,0,214,"Cícero Almeida","nao votou","TRUE"
"PRB","RONALDO MARTINS","CE","0.68",68,66,156,6,228,"Ronaldo Martins","a favor","TRUE"
"PSB","ATILA LIRA","PI","0.68",68,69,149,0,218,"Átila Lira","a favor","TRUE"
"PSD","DELEGADO EDER MAURO","PA","0.68",68,74,160,1,235,"Delegado Éder Mauro","a favor","TRUE"
"PDT","FELIX MENDONCA JUNIOR","BA","0.68",68,68,147,1,216,"Félix Mendonça Jr","nao votou","TRUE"
"PMDB","HILDO ROCHA","MA","0.68",68,60,132,2,194,"Hildo Rocha","a favor","TRUE"
"PMDB","JOSE FOGACA","RS","0.67",67,61,128,1,190,"José Fogaça","a favor","TRUE"
"PP","BETO ROSADO","RN","0.67",67,52,109,1,162,"Beto Rosado","a favor","TRUE"
"PR","CABO SABINO","CE","0.67",67,60,133,5,198,"Cabo Sabino","a favor","TRUE"
"PDT","MARIO HERINGER","MG","0.67",67,65,135,1,201,"Mário Heringer","nao votou","TRUE"
"PSD","DANRLEI DE DEUS HINTERHOLZ","RS","0.67",67,64,130,0,194,"Danrlei de Deus","a favor","TRUE"
"PP","RENATO MOLLING","RS","0.67",67,57,116,1,174,"Renato Molling","a favor","TRUE"
"PSD","CESAR SOUZA","SC","0.67",67,41,84,1,126,"César Souza","a favor","TRUE"
"DEM","JUSCELINO FILHO","MA","0.66",66,66,136,3,205,"Juscelino Filho","a favor","TRUE"
"REDE","ALIEL MACHADO","PR","0.66",66,67,132,1,200,"Aliel Machado","contra","TRUE"
"PTB","JOSUE BENGTSON","PA","0.66",66,63,124,1,188,"Josué Bengtson","a favor","TRUE"
"PP","CONCEICAO SAMPAIO","AM","0.66",66,69,144,6,219,"Conceição Sampaio","a favor","TRUE"
"PROS","RONALDO FONSECA","DF","0.66",66,72,140,1,213,"Ronaldo Fonseca","a favor","TRUE"
"PMDB","MARX BELTRAO","AL","0.66",66,59,115,1,175,"Marx Beltrão","nao votou","TRUE"
"PDT","RONALDO LESSA","AL","0.65",65,48,121,17,186,"Ronaldo Lessa","nao votou","TRUE"
"PSD","JAIME MARTINS","MG","0.65",65,54,100,0,154,"Jaime Martins","nao votou","TRUE"
"PP","JULIO LOPES","RJ","0.64",64,66,117,0,183,"Julio Lopes","a favor","TRUE"
"PROS","EROS BIONDINI","MG","0.64",64,71,125,0,196,"Eros Biondini","nao votou","TRUE"
"PP","MARCUS VICENTE","ES","0.64",64,61,107,0,168,"Marcus Vicente","a favor","TRUE"
"PTB","RONALDO NOGUEIRA","RS","0.63",63,77,133,0,210,"Ronaldo Nogueira","a favor","TRUE"
"PSC","TAKAYAMA","PR","0.63",63,32,58,2,92,"Takayama","a favor","TRUE"
"REDE","JOAO DERLY","RS","0.63",63,80,138,1,219,"João Derly","a favor","TRUE"
"PTB","WALNEY ROCHA","RJ","0.63",63,74,126,1,201,"#N/A","#N/A","FALSE"
"DEM","MARCOS SOARES","RJ","0.63",63,39,67,1,107,"Marcos Soares","a favor","TRUE"
"PMDB","LUCIO VIEIRA LIMA","BA","0.62",62,70,113,0,183,"Lucio Vieira Lima","nao votou","TRUE"
"PR","PAULO FREIRE","SP","0.61",61,66,104,0,170,"Paulo Freire","a favor","TRUE"
"PR","CLARISSA GAROTINHO","RJ","0.61",61,70,110,1,181,"Clarissa Garotinho","ausencia","TRUE"
"PSB","MARIA HELENA","RR","0.60",60,74,109,0,183,"Maria Helena","a favor","TRUE"
"PSL","DAMINA PEREIRA","MG","0.59",59,84,122,0,206,"Dâmina Pereira","nao votou","TRUE"
"PSB","FABRICIO OLIVEIRA","SC","0.59",59,27,39,0,66,"#N/A","#N/A","FALSE"
"PSC","MARCOS REATEGUI","AP","0.59",59,60,89,2,151,"Marcos Reategui","a favor","TRUE"
"DEM","MARCOS ROGERIO","RO","0.59",59,74,111,4,189,"Marcos Rogério","a favor","TRUE"
"PSOL","LUIZA ERUNDINA","SP","0.59",59,61,86,0,147,"Luiza Erundina","contra","TRUE"
"PTN","ADEMIR CAMILO","MG","0.58",58,84,118,0,202,"#N/A","#N/A","FALSE"
"PSC","EDMAR ARRUDA","PR","0.58",58,45,63,0,108,"#N/A","#N/A","FALSE"
"DEM","ABEL MESQUITA JR.","RR","0.58",58,83,113,0,196,"Abel Mesquita Jr","#N/A","TRUE"
"PSD","FELIPE BORNIER","RJ","0.58",58,75,103,1,179,"Felipe Bornier","a favor","TRUE"
"PSC","ANDRE MOURA","SE","0.57",57,52,69,0,121,"Andre Moura","nao votou","TRUE"
"PTN","DR. SINVAL MALHEIROS","SP","0.57",57,71,93,0,164,"Dr. Sinval Malheiros","a favor","TRUE"
"PTB","DELEY","RJ","0.55",55,87,115,6,208,"Deley","a favor","TRUE"
"PTN","ANTONIO JACOME","RN","0.55",55,78,100,3,181,"Antônio Jácome","a favor","TRUE"
"PSC","IRMAO LAZARO","BA","0.55",55,73,90,0,163,"Irmão Lazaro","nao votou","TRUE"
"PR","ADELSON BARRETO","SE","0.55",55,96,116,0,212,"Adelson Barreto","nao votou","TRUE"
"PMDB","HERMES PARCIANELLO","PR","0.55",55,68,82,0,150,"Hermes Parcianello","a favor","TRUE"
"PMDB","OSMAR TERRA","RS","0.54",54,73,85,0,158,"Osmar Terra","a favor","TRUE"
"PSB","JOSE REINALDO","MA","0.53",53,94,107,0,201,"José Reinaldo","a favor","TRUE"
"PSB","LUIZ LAURO FILHO","SP","0.53",53,96,109,0,205,"Luiz Lauro Filho","a favor","TRUE"
"PSB","DANILO FORTE","CE","0.53",53,83,95,1,179,"Danilo Forte","a favor","TRUE"
"PSB","PAULO FOLETTO","ES","0.53",53,102,115,0,217,"Paulo Foletto","a favor","TRUE"
"PSD","JEFFERSON CAMPOS","SP","0.52",52,88,97,2,187,"Jefferson Campos","a favor","TRUE"
"PMB","WELITON PRADO","MG","0.52",52,105,121,8,234,"Weliton Prado","nao votou","TRUE"
"PSD","JOAO RODRIGUES","SC","0.52",52,99,106,0,205,"João Rodrigues","a favor","TRUE"
"PMDB","ALEXANDRE SERFIOTIS","RJ","0.51",51,106,112,0,218,"Alexandre Serfiotis","a favor","TRUE"
"PV","EVAIR DE MELO","ES","0.51",51,107,114,1,222,"Evair de Melo","a favor","TRUE"
"PP","DIMAS FABIANO","MG","0.51",51,96,105,5,206,"Dimas Fabiano","nao votou","TRUE"
"PSB","TEREZA CRISTINA","MS","0.50",50,106,108,0,214,"Tereza Cristina","a favor","TRUE"
"SDD","MAJOR OLIMPIO","SP","0.50",50,108,109,1,218,"Major Olimpio","a favor","TRUE"
"PSB","FERNANDO COELHO FILHO","PE","0.50",50,97,98,1,196,"Fernando Filho","nao votou","TRUE"
"PMDB","ALCEU MOREIRA","RS","0.50",50,93,93,0,186,"Alceu Moreira","a favor","TRUE"
"PP","JOSE OTAVIO GERMANO","RS","0.50",50,73,73,0,146,"José Otávio Germano","a favor","TRUE"
"PV","PENNA","SP","0.50",50,26,26,0,52,"#N/A","#N/A","FALSE"
"PSDB","DUARTE NOGUEIRA","SP","0.50",50,2,2,0,4,"Duarte Nogueira","a favor","TRUE"
"PSDB","FLORIANO PESARO",,"0.50",50,2,2,0,4,"Floriano Pesaro","a favor","TRUE"
"PMDB","GIOVANI FELTES",,"0.50",50,1,1,0,2,"#N/A","#N/A","FALSE"
"PSB","TENENTE LUCIO","MG","0.50",50,119,118,0,237,"Tenente Lúcio","nao votou","TRUE"
"PMDB","VALDIR COLATTO","SC","0.49",49,106,104,1,211,"Valdir Colatto","a favor","TRUE"
"PSB","BEBETO","BA","0.49",49,96,94,1,191,"Bebeto","nao votou","TRUE"
"PSB","TADEU ALENCAR","PE","0.49",49,98,96,2,196,"Tadeu Alencar","nao votou","TRUE"
"PSB","JOAO FERNANDO COUTINHO","PE","0.49",49,107,105,3,215,"João Fernando","nao votou","TRUE"
"PSDB","ELIZEU DIONIZIO","MS","0.49",49,88,83,0,171,"Elizeu Dionizio","a favor","TRUE"
"PSOL","IVAN VALENTE","SP","0.48",48,117,110,0,227,"Ivan Valente","contra","TRUE"
"PSB","VALADARES FILHO","SE","0.48",48,110,103,0,213,"Valadares Filho","nao votou","TRUE"
"PSB","JANETE CAPIBERIBE","AP","0.48",48,48,49,5,102,"Janete Capiberibe","contra","TRUE"
"PSOL","GLAUBER BRAGA","RJ","0.48",48,123,113,0,236,"Glauber Braga","contra","TRUE"
"PV","WILLIAM WOO","SP","0.48",48,65,60,1,126,"#N/A","#N/A","FALSE"
"PTB","SERGIO MORAES","RS","0.47",47,80,74,2,156,"Sérgio Moraes","a favor","TRUE"
"PSC","JULIA MARINHO","PA","0.47",47,103,92,1,196,"Júlia Marinho","a favor","TRUE"
"PSD","RAQUEL MUNIZ","MG","0.47",47,102,92,2,196,"Raquel Muniz","nao votou","TRUE"
"PSOL","CHICO ALENCAR","RJ","0.47",47,125,110,0,235,"Chico Alencar","contra","TRUE"
"PSB","KEIKO OTA","SP","0.47",47,100,88,0,188,"Keiko Ota","a favor","TRUE"
"PSOL","EDMILSON RODRIGUES","PA","0.46",46,125,108,0,233,"Edmilson Rodrigues","contra","TRUE"
"PV","EVANDRO GUSSI","SP","0.46",46,103,88,0,191,"Evandro Gussi","a favor","TRUE"
"PSB","CESAR MESSIAS","AC","0.46",46,94,81,1,176,"César Messias","contra","TRUE"
"PSB","FABIO GARCIA","MT","0.46",46,106,91,1,198,"Fabio Garcia","a favor","TRUE"
"PSB","MARINALDO ROSENDO","PE","0.46",46,96,81,0,177,"Marinaldo Rosendo","nao votou","TRUE"
"SDD","GENECIAS NORONHA","CE","0.46",46,55,47,1,103,"Genecias Noronha","a favor","TRUE"
"PSOL","JEAN WYLLYS","RJ","0.45",45,108,90,0,198,"Jean Wyllys","contra","TRUE"
"PSB","JOSE STEDILE","RS","0.45",45,128,105,0,233,"Jose Stédile","a favor","TRUE"
"DEM","MISAEL VARELLA","MG","0.45",45,99,81,1,181,"Misael Varella","nao votou","TRUE"
"PSB","LEOPOLDO MEYER","PR","0.45",45,117,94,0,211,"Leopoldo Meyer","a favor","TRUE"
"PTB","BENITO GAMA","BA","0.44",44,106,84,1,191,"Benito Gama","nao votou","TRUE"
"PEN","ERIVELTON SANTANA","BA","0.44",44,109,86,1,196,"Erivelton Santana","nao votou","TRUE"
"DEM","SOSTENES CAVALCANTE","RJ","0.44",44,120,93,0,213,"Sóstenes Cavalcante","a favor","TRUE"
"PP","RENZO BRAZ","MG","0.44",44,95,75,2,172,"Renzo Braz","nao votou","TRUE"
"PSB","HEITOR SCHUCH","RS","0.44",44,119,92,0,211,"Heitor Schuch","a favor","TRUE"
"PSD","STEFANO AGUIAR","MG","0.43",43,116,90,1,207,"Stefano Aguiar","nao votou","TRUE"
"PSC","MARCONDES GADELHA","PB","0.43",43,13,10,0,23,"#N/A","#N/A","FALSE"
"PSB","LUCIANO DUCCI","PR","0.43",43,105,80,0,185,"Luciano Ducci","a favor","TRUE"
"PSB","GONZAGA PATRIOTA","PE","0.43",43,94,72,2,168,"Gonzaga Patriota","nao votou","TRUE"
"PSD","EXPEDITO NETTO","RO","0.42",42,112,82,0,194,"Expedito Netto","a favor","TRUE"
"PTdoB","CABO DACIOLO","RJ","0.42",42,106,79,3,188,"Cabo Daciolo","a favor","TRUE"
"DEM","MARCELO AGUIAR","SP","0.42",42,121,87,0,208,"#N/A","#N/A","FALSE"
"PP","AFONSO HAMM","RS","0.42",42,126,90,0,216,"Afonso Hamm","a favor","TRUE"
"PSB","JULIO DELGADO","MG","0.42",42,107,79,4,190,"Júlio Delgado","nao votou","TRUE"
"REDE","MIRO TEIXEIRA","RJ","0.41",41,137,96,0,233,"Miro Teixeira","a favor","TRUE"
"PDT","DEOCLIDES MACEDO",,"0.41",41,9,7,1,17,"#N/A","#N/A","FALSE"
"PSB","HERACLITO FORTES","PI","0.41",41,107,76,2,185,"Heráclito Fortes","a favor","TRUE"
"PSC","PR. MARCO FELICIANO","SP","0.41",41,87,62,2,151,"Marco Feliciano","#N/A","TRUE"
"PP","JORGE BOEIRA","SC","0.41",41,66,45,0,111,"Jorge Boeira","a favor","TRUE"
"PMDB","VITOR VALIM","CE","0.40",40,120,85,6,211,"Vitor Valim","a favor","TRUE"
"PSC","PROFESSOR VICTORIO GALLI","MT","0.40",40,129,89,3,221,"Professor Victório Galli","a favor","TRUE"
"PV","ANTONIO CARLOS MENDES THAME","SP","0.40",40,58,42,5,105,"#N/A","#N/A","FALSE"
"PSB","ADILTON SACHETTI","MT","0.40",40,107,71,0,178,"Adilton Sachetti","a favor","TRUE"
"DEM","CLAUDIO CAJADO","BA","0.40",40,77,51,1,129,"Claudio Cajado","nao votou","TRUE"
"PP","ESPERIDIAO AMIN","SC","0.39",39,131,88,4,223,"Esperidião Amin","a favor","TRUE"
"PV","LEANDRE","PR","0.39",39,134,88,3,225,"Leandre","a favor","TRUE"
"DEM","MISSIONARIO JOSE OLIMPIO","SP","0.39",39,123,79,1,203,"José Olimpio","#N/A","TRUE"
"PSDB","BONIFACIO DE ANDRADA","MG","0.39",39,85,55,2,142,"Bonifácio Andrada","#N/A","TRUE"
"DEM","RODRIGO MAIA","RJ","0.39",39,111,72,3,186,"Rodrigo Maia","a favor","TRUE"
"PSB","JHC","AL","0.39",39,107,67,0,174,"JHC","nao votou","TRUE"
"SDD","LAERCIO OLIVEIRA","SE","0.38",38,74,46,0,120,"Laercio Oliveira","nao votou","TRUE"
"PSB","RODRIGO MARTINS","PI","0.38",38,121,74,1,196,"Rodrigo Martins","a favor","TRUE"
"PPS","ARNALDO JORDY","PA","0.37",37,105,64,3,172,"Arnaldo Jordy","a favor","TRUE"
"PP","COVATTI FILHO","RS","0.36",36,137,77,0,214,"Covatti Filho","a favor","TRUE"
"DEM","PAULO AZI","BA","0.36",36,121,68,0,189,"Paulo Azi","nao votou","TRUE"
"PSB","FLAVINHO","SP","0.36",36,152,84,0,236,"Flavinho","a favor","TRUE"
"DEM","JOSE CARLOS ALELUIA","BA","0.36",36,114,63,0,177,"José Carlos Aleluia","nao votou","TRUE"
"SDD","WLADIMIR COSTA","PA","0.35",35,17,11,3,31,"Wladimir Costa","a favor","TRUE"
"PDT","HISSA ABRAHAO","AM","0.35",35,137,75,0,212,"Hissa Abrahão","a favor","TRUE"
"PHS","PASTOR EURICO","PE","0.35",35,128,70,1,199,"Pastor Eurico","nao votou","TRUE"
"SDD","PAULO PEREIRA DA SILVA","SP","0.35",35,83,45,0,128,"Paulinho da Força","#N/A","TRUE"
"PTB","ARNALDO FARIA DE SA","SP","0.35",35,147,80,1,228,"Arnaldo Faria de Sá","a favor","TRUE"
"DEM","RODRIGO GARCIA","SP","0.35",35,13,7,0,20,"Rodrigo Garcia","a favor","TRUE"
"DEM","CARLOS MELLES","MG","0.35",35,106,57,0,163,"Carlos Melles","nao votou","TRUE"
"PPS","RAUL JUNGMANN","PE","0.35",35,103,55,0,158,"#N/A","#N/A","FALSE"
"DEM","ELMAR NASCIMENTO","BA","0.35",35,117,62,0,179,"Elmar Nascimento","nao votou","TRUE"
"SDD","LUCAS VERGILIO","GO","0.34",34,140,74,1,215,"Lucas Vergilio","a favor","TRUE"
"SDD","AUGUSTO CARVALHO","DF","0.34",34,149,78,0,227,"Augusto Carvalho","a favor","TRUE"
"SDD","CARLOS MANATO","ES","0.34",34,158,82,0,240,"Carlos Manato","a favor","TRUE"
"REDE","ELIZIANE GAMA","MA","0.34",34,129,66,0,195,"Eliziane Gama","a favor","TRUE"
"PPS","ARTHUR OLIVEIRA MAIA","BA","0.34",34,85,44,1,130,"Arthur Maia","#N/A","TRUE"
"PTN","ALEXANDRE BALDY","GO","0.34",34,106,54,0,160,"Alexandre Baldy","a favor","TRUE"
"PMDB","JARBAS VASCONCELOS","PE","0.33",33,128,67,6,201,"Jarbas Vasconcelos","nao votou","TRUE"
"SDD","AUREO","RJ","0.33",33,125,62,1,188,"Aureo","a favor","TRUE"
"PP","MARCELO BELINATI","PR","0.33",33,148,72,0,220,"Marcelo Belinati","a favor","TRUE"
"PSDB","BRUNA FURLAN","SP","0.32",32,96,46,0,142,"Bruna Furlan","a favor","TRUE"
"PP","ROBERTO BALESTRA","GO","0.32",32,125,63,7,195,"Roberto Balestra","a favor","TRUE"
"PSDB","EDUARDO BARBOSA","MG","0.32",32,148,71,1,220,"Eduardo Barbosa","nao votou","TRUE"
"SDD","BENJAMIN MARANHAO","PB","0.32",32,150,71,0,221,"Benjamin Maranhão","nao votou","TRUE"
"PPS","ROBERTO FREIRE","SP","0.32",32,114,54,1,169,"#N/A","#N/A","FALSE"
"PPS","RUBENS BUENO","PR","0.32",32,154,72,1,227,"Rubens Bueno","a favor","TRUE"
"SDD","ZE SILVA","MG","0.32",32,123,57,0,180,"Zé Silva","nao votou","TRUE"
"DEM","PROFESSORA DORINHA SEABRA REZENDE","TO","0.32",32,142,66,1,209,"Professora Dorinha","a favor","TRUE"
"PTN","EZEQUIEL TEIXEIRA","RJ","0.32",32,115,53,0,168,"Ezequiel Teixeira","a favor","TRUE"
"DEM","HELIO LEITE","PA","0.32",32,145,69,5,219,"Hélio Leite","a favor","TRUE"
"PSDB","ROSSONI","PR","0.31",31,93,44,3,140,"#N/A","#N/A","FALSE"
"SDD","FERNANDO FRANCISCHINI","PR","0.31",31,80,37,1,118,"Fernando Francischini","a favor","TRUE"
"PSDB","BETINHO GOMES","PE","0.31",31,146,68,3,217,"Betinho Gomes","nao votou","TRUE"
"PSC","GILBERTO NASCIMENTO","SP","0.31",31,117,54,2,173,"Gilberto Nascimento","a favor","TRUE"
"PSDB","VITOR LIPPI","SP","0.31",31,133,61,2,196,"Vitor Lippi","a favor","TRUE"
"PSDB","NELSON MARCHEZAN JUNIOR","RS","0.31",31,125,59,7,191,"Nelson Marchezan Jr","a favor","TRUE"
"PP","LUIS CARLOS HEINZE","RS","0.31",31,151,67,0,218,"Luis Carlos Heinze","a favor","TRUE"
"PP","ODELMO LEAO","MG","0.31",31,156,70,2,228,"Odelmo Leão","nao votou","TRUE"
"PPS","MARCOS ABRAO","GO","0.31",31,149,66,0,215,"Marcos Abrão","a favor","TRUE"
"PMDB","MOSES RODRIGUES","CE","0.31",31,148,65,0,213,"Moses Rodrigues","a favor","TRUE"
"PSDB","JUTAHY JUNIOR","BA","0.31",31,122,54,1,177,"Jutahy Junior","nao votou","TRUE"
"PSDB","MARCUS PESTANA","MG","0.30",30,154,67,0,221,"Marcus Pestana","nao votou","TRUE"
"PPS","CARMEN ZANOTTO","SC","0.30",30,157,69,2,228,"Carmen Zanotto","a favor","TRUE"
"PSL","ALFREDO KAEFER","PR","0.30",30,97,46,9,152,"Alfredo Kaefer","a favor","TRUE"
"PPS","SANDRO ALEX","PR","0.30",30,154,65,0,219,"Sandro Alex","a favor","TRUE"
"PSDB","JOAO CASTELO","MA","0.30",30,129,54,0,183,"João Castelo","a favor","TRUE"
"DEM","ELI CORREA FILHO","SP","0.29",29,91,38,0,129,"Eli Corrêa Filho","a favor","TRUE"
"PSDB","MARA GABRILLI","SP","0.29",29,96,40,0,136,"Mara Gabrilli","a favor","TRUE"
"PRB","JOAO CAMPOS","GO","0.29",29,128,54,2,184,"João Campos","a favor","TRUE"
"PSDB","SAMUEL MOREIRA","SP","0.29",29,165,70,4,239,"Samuel Moreira","a favor","TRUE"
"PSDB","LUIZ CARLOS HAULY","PR","0.29",29,145,60,0,205,"Luiz Carlos Hauly","a favor","TRUE"
"PSDB","LOBBE NETO","SP","0.29",29,163,67,0,230,"#N/A","#N/A","FALSE"
"PSDB","JOAO PAULO PAPA","SP","0.29",29,153,62,0,215,"João Paulo Papa","a favor","TRUE"
"PSDB","RICARDO TRIPOLI","SP","0.29",29,136,55,0,191,"Ricardo Tripoli","a favor","TRUE"
"PSDB","ROGERIO MARINHO","RN","0.29",29,141,57,0,198,"Rogério Marinho","a favor","TRUE"
"PSDB","RAIMUNDO GOMES DE MATOS","CE","0.29",29,159,64,0,223,"Raimundo Matos","#N/A","TRUE"
"PSDB","PAULO ABI-ACKEL","MG","0.29",29,127,51,0,178,"Paulo Abi-ackel","nao votou","TRUE"
"DEM","ALEXANDRE LEITE","SP","0.29",29,132,53,0,185,"Alexandre Leite","a favor","TRUE"
"PTB","CAPITAO FABIO ABREU",,"0.29",29,5,2,0,7,"#N/A","#N/A","FALSE"
"PSDB","NELSON PADOVANI","PR","0.29",29,5,2,0,7,"Nelson Padovani","a favor","TRUE"
"PSDB","VANDERLEI MACRIS","SP","0.28",28,128,53,5,186,"Vanderlei Macris","a favor","TRUE"
"DEM","JORGE TADEU MUDALEN","SP","0.28",28,118,47,0,165,"Jorge Tadeu","#N/A","TRUE"
"DEM","MENDONCA FILHO","PE","0.28",28,136,56,5,197,"Mendonça Filho","nao votou","TRUE"
"PSDB","DANIEL COELHO","PE","0.28",28,167,67,2,236,"Daniel Coelho","nao votou","TRUE"
"DEM","MORONI TORGAN","CE","0.28",28,157,62,0,219,"Moroni Torgan","a favor","TRUE"
"PSDB","MARIANA CARVALHO","RO","0.28",28,142,56,0,198,"Mariana Carvalho","a favor","TRUE"
"DEM","FELIPE MAIA","RN","0.28",28,137,54,0,191,"Felipe Maia","a favor","TRUE"
"DEM","ALBERTO FRAGA","DF","0.28",28,165,65,0,230,"Alberto Fraga","a favor","TRUE"
"PSDB","NILSON PINTO","PA","0.28",28,165,65,0,230,"Nilson Pinto","a favor","TRUE"
"PSDB","OTAVIO LEITE","RJ","0.28",28,117,46,1,164,"Otavio Leite","a favor","TRUE"
"PSDB","BRUNO COVAS","SP","0.28",28,151,60,3,214,"Bruno Covas","a favor","TRUE"
"PSDB","RODRIGO DE CASTRO","MG","0.28",28,154,60,0,214,"Rodrigo de Castro","nao votou","TRUE"
"PSDB","ANTONIO IMBASSAHY","BA","0.28",28,129,50,0,179,"Antonio Imbassahy","nao votou","TRUE"
"PSDB","CAIO NARCIO","MG","0.28",28,140,54,0,194,"Caio Narcio","nao votou","TRUE"
"PSDB","BRUNO ARAUJO","PE","0.28",28,112,43,0,155,"Bruno Araújo","nao votou","TRUE"
"PSDB","CELIO SILVEIRA","GO","0.28",28,164,64,3,231,"Célio Silveira","a favor","TRUE"
"PSDB","MIGUEL HADDAD","SP","0.28",28,162,62,0,224,"Miguel Haddad","a favor","TRUE"
"DEM","EFRAIM FILHO","PB","0.27",27,135,51,0,186,"Efraim Filho","nao votou","TRUE"
"PSDB","SILVIO TORRES","SP","0.27",27,146,57,5,208,"Silvio Torres","a favor","TRUE"
"PSDB","MAX FILHO","ES","0.27",27,159,60,0,219,"Max Filho","a favor","TRUE"
"PSDB","IZALCI","DF","0.27",27,142,53,0,195,"Izalci","a favor","TRUE"
"PSDB","GIUSEPPE VECCI","GO","0.27",27,150,57,4,211,"Giuseppe Vecci","a favor","TRUE"
"PSDB","PEDRO VILELA","AL","0.27",27,162,60,2,224,"Pedro Vilela","nao votou","TRUE"
"PSDB","SHERIDAN","RR","0.27",27,140,51,0,191,"Shéridan","a favor","TRUE"
"DEM","MANDETTA","MS","0.27",27,150,55,1,206,"Mandetta","a favor","TRUE"
"PSDB","DOMINGOS SAVIO","MG","0.26",26,135,49,1,185,"Domingos Sávio","nao votou","TRUE"
"PSDB","FABIO SOUSA","GO","0.26",26,149,54,2,205,"Fábio Sousa","a favor","TRUE"
"PTB","CRISTIANE BRASIL","RJ","0.26",26,76,27,0,103,"Cristiane Brasil","a favor","TRUE"
"DEM","PAUDERNEY AVELINO","AM","0.26",26,126,45,1,172,"Pauderney Avelino","a favor","TRUE"
"PPS","ALEX MANENTE","SP","0.26",26,157,55,0,212,"Alex Manente","a favor","TRUE"
"PSDB","NILSON LEITAO","MT","0.26",26,147,51,0,198,"Nilson Leitão","a favor","TRUE"
"PSDB","CARLOS SAMPAIO","SP","0.26",26,64,22,0,86,"Carlos Sampaio","a favor","TRUE"
"PSDB","PEDRO CUNHA LIMA","PB","0.25",25,155,53,0,208,"Pedro Cunha Lima","nao votou","TRUE"
"PSDB","JOAO GUALBERTO","BA","0.25",25,135,46,0,181,"João Gualberto","nao votou","TRUE"
"PSDB","MARCO TEBALDI","SC","0.25",25,141,48,1,190,"Marco Tebaldi","a favor","TRUE"
"PSDB","GEOVANIA DE SA","SC","0.25",25,155,52,0,207,"Geovania de Sá","a favor","TRUE"
"PSDB","ROCHA","AC","0.25",25,162,54,1,217,"Rocha","a favor","TRUE"
"SDD","AUGUSTO COUTINHO","PE","0.25",25,145,48,0,193,"Augusto Coutinho","nao votou","TRUE"
"PR","DELEGADO WALDIR","GO","0.25",25,146,48,0,194,"Delegado Waldir","a favor","TRUE"
"PSDB","EDUARDO CURY","SP","0.25",25,163,53,0,216,"Eduardo Cury","a favor","TRUE"
"PSDB","ARTHUR VIRGILIO BISNETO","AM","0.24",24,167,54,0,221,"Arthur Virgílio Bisneto","a favor","TRUE"
"DEM","ONYX LORENZONI","RS","0.24",24,93,30,0,123,"Onyx Lorenzoni","a favor","TRUE"
"DEM","OSMAR BERTOLDI",,"0.24",24,58,18,0,76,"#N/A","#N/A","FALSE"
"PSC","JAIR BOLSONARO","RJ","0.23",23,163,52,10,225,"Jair Bolsonaro","a favor","TRUE"
"PSC","EDUARDO BOLSONARO","SP","0.23",23,160,51,10,221,"Eduardo Bolsonaro","a favor","TRUE"
"PP","JERONIMO GOERGEN","RS","0.22",22,140,40,1,181,"Jerônimo Goergen","a favor","TRUE"
"PSDB","PAULO MARTINS","PR","0.17",17,5,1,0,6,"Paulo Martins","a favor","TRUE"
"PPS","ARNALDO JARDIM","SP","0.00",0,2,0,0,2,"Arnaldo Jardim","a favor","TRUE"
"PMDB","EDUARDO CUNHA","RJ","0.00",0,0,0,0,0,"Eduardo Cunha","a favor","TRUE"
